{"name":"build-javascript","namedChunkGroups":{"polyfill":{"name":"polyfill","assets":[{"name":"webpack-runtime-7fa9259007dcfdb35d97.js","size":4355},{"name":"polyfill-23a1437bf8490d4c0bf5.js","size":85852}],"filteredAssets":0,"assetsSize":90207,"filteredAuxiliaryAssets":2,"auxiliaryAssetsSize":225630},"app":{"name":"app","assets":[{"name":"webpack-runtime-7fa9259007dcfdb35d97.js","size":4355},{"name":"styles.04aa36700591df9ff07b.css","size":63034},{"name":"framework-ee4f8c1d8ef4a849bd61.js","size":129765},{"name":"app-1ba22d1cc3d521239837.js","size":51652}],"filteredAssets":0,"assetsSize":248806,"filteredAuxiliaryAssets":27,"auxiliaryAssetsSize":1769313},"component---src-pages-404-js":{"name":"component---src-pages-404-js","assets":[{"name":"component---src-pages-404-js-9357013b564d413d8184.js","size":302}],"filteredAssets":0,"assetsSize":302,"filteredAuxiliaryAssets":1,"auxiliaryAssetsSize":344},"component---src-pages-index-js":{"name":"component---src-pages-index-js","assets":[{"name":"styles.04aa36700591df9ff07b.css","size":63034},{"name":"component---src-pages-index-js-5c6ec1e85a099041e75e.js","size":137810}],"filteredAssets":0,"assetsSize":200844,"filteredAuxiliaryAssets":26,"auxiliaryAssetsSize":1650306}},"assetsByChunkName":{"polyfill":["webpack-runtime-7fa9259007dcfdb35d97.js","polyfill-23a1437bf8490d4c0bf5.js"],"app":["webpack-runtime-7fa9259007dcfdb35d97.js","styles.04aa36700591df9ff07b.css","framework-ee4f8c1d8ef4a849bd61.js","app-1ba22d1cc3d521239837.js"],"component---src-pages-404-js":["component---src-pages-404-js-9357013b564d413d8184.js"],"component---src-pages-index-js":["styles.04aa36700591df9ff07b.css","component---src-pages-index-js-5c6ec1e85a099041e75e.js"]},"childAssetsByChunkName":{}}